study_id,fair_r_v1,resolve,build,licence_present,python_declared,has_docker,has_conda,has_pip,multi_env_decl,artifacts_at_root,n_artifacts,metadata_richness
study001,51.79,True,True,1,1,1,1,1,1,0,20.0,5.0238805208462765
study002,56.29,True,True,1,1,1,0,1,1,1,4.0,4.820281565605037
study003,51.79,True,True,1,0,1,0,1,1,0,7.0,2.639057329615259
study004,40.62,True,True,1,1,1,0,1,1,1,4.0,4.736198448394496
study005,51.79,True,True,1,1,0,1,0,1,1,2.0,5.111987788356544
study006,56.29,True,False,1,1,0,1,1,1,1,4.0,5.14166355650266
study007,51.79,False,False,1,0,1,0,1,1,1,3.0,4.3694478524670215
study008,51.79,False,False,1,1,1,1,0,1,1,4.0,5.231108616854587
study009,51.79,False,False,1,1,1,0,1,1,0,7.0,2.639057329615259
study010,51.79,True,True,1,0,1,0,1,1,0,7.0,2.639057329615259
study011,51.79,False,False,1,1,1,0,1,1,0,7.0,2.639057329615259
study012,51.79,True,True,1,0,1,0,1,1,0,6.0,2.639057329615259
study013,54.29,False,False,1,1,1,0,1,1,1,8.0,7.046647277848756
study014,51.79,False,False,1,0,1,0,1,1,0,8.0,2.639057329615259
study015,42.79,True,True,1,0,1,0,1,1,1,2.0,2.9444389791664403
study016,51.79,True,True,1,1,1,0,1,1,0,6.0,3.367295829986474
study017,51.79,True,True,1,1,0,1,1,1,1,4.0,5.14166355650266
study018,51.79,True,True,1,0,1,0,1,1,0,4.0,3.6635616461296463
study019,51.79,False,False,1,0,1,0,1,1,0,5.0,2.639057329615259
study020,44.29,,False,0,0,1,0,0,0,0,1.0,2.5649493574615367
study021,48.04,True,True,1,0,1,0,1,1,0,4.0,2.639057329615259
study022,47.29,True,True,1,1,0,0,1,1,1,2.0,4.04305126783455
study023,56.29,True,True,1,0,0,0,1,1,1,4.0,1.9459101490553132
study024,56.29,True,True,1,0,1,0,1,1,0,3.0,4.23410650459726
study025,51.79,True,True,1,0,1,0,1,1,1,4.0,4.174387269895637
study026,51.79,False,False,1,0,1,0,1,1,0,4.0,2.639057329615259
study027,56.29,False,False,1,0,0,0,1,0,1,1.0,6.92951677076365
study028,51.79,,False,1,1,0,1,0,0,1,1.0,7.650168700845001
study029,44.29,False,False,0,1,0,1,1,1,1,3.0,7.098375638590786
study030,51.79,False,False,1,0,1,0,0,1,0,3.0,2.70805020110221
study031,51.79,True,True,1,1,1,1,1,1,0,4.0,7.183111701743281
study032,51.79,False,False,1,0,1,0,1,1,0,2.0,5.963579343618446
study033,51.79,True,True,1,0,1,0,1,1,0,2.0,4.1588830833596715
study034,51.79,False,False,1,0,1,0,1,1,1,3.0,4.174387269895637
study035,51.79,True,False,1,1,0,1,1,1,1,2.0,6.066108090103747
study036,51.79,False,False,1,0,0,0,1,0,1,5.0,4.844187086458591
study037,47.29,False,False,1,1,0,1,1,1,1,3.0,6.740519359606223
study038,56.29,False,False,1,0,0,0,1,1,1,2.0,4.04305126783455
study039,51.79,True,True,1,1,0,1,1,1,1,4.0,5.198497031265826
study040,56.29,True,True,1,1,0,1,0,1,1,2.0,3.58351893845611
study041,39.79,True,True,0,1,1,0,0,1,1,3.0,2.5649493574615367
study042,39.79,,False,0,1,0,1,0,0,1,1.0,7.01211529430638
study043,47.29,True,True,1,0,0,0,1,0,1,1.0,3.9512437185814275
study044,51.79,True,True,1,0,1,0,1,1,1,12.0,4.736198448394496
study045,56.29,True,True,1,1,0,1,1,1,1,3.0,7.244941546337007
study046,51.79,True,True,1,0,1,0,1,1,1,3.0,4.430816798843313
study047,51.79,False,False,1,1,0,1,1,1,1,8.0,3.4339872044851463
study048,47.29,True,True,1,0,0,0,1,1,1,2.0,4.624972813284271
study049,42.79,,False,1,0,1,0,0,0,0,1.0,2.639057329615259
study050,47.29,,False,1,1,0,1,0,0,1,1.0,6.154858094016418
study051,51.79,True,True,1,0,0,0,1,1,1,2.0,3.8501476017100584
study052,44.29,False,False,0,0,0,0,1,1,1,2.0,4.454347296253507
study053,56.29,True,True,1,0,0,0,1,0,1,1.0,4.276666119016055
study054,35.29,True,True,0,0,1,0,0,1,1,4.0,2.5649493574615367
study055,51.79,False,False,1,0,1,0,1,1,1,3.0,4.382026634673881
study056,51.79,False,False,1,1,0,1,1,1,1,2.0,7.8083230503910555
study057,47.29,True,True,1,1,0,1,0,1,1,2.0,7.269616749608169
study058,42.79,False,False,1,0,0,0,1,1,1,2.0,3.4657359027997265
study059,51.79,False,False,1,0,0,0,1,0,1,1.0,6.068425588244111
study060,51.79,True,False,1,0,1,0,1,1,0,6.0,3.8918202981106265
study061,47.29,True,True,1,1,0,1,0,1,1,2.0,4.189654742026425
study062,35.29,False,False,0,0,0,0,1,0,1,1.0,3.4339872044851463
study063,51.79,True,True,1,1,1,0,1,1,0,16.0,4.74493212836325
study064,51.79,,False,1,1,0,1,0,0,1,1.0,4.51085950651685
study065,39.79,False,False,0,0,0,0,1,1,1,3.0,3.713572066704308
study066,51.79,True,True,1,1,1,0,1,1,0,2.0,3.784189633918261
study067,56.29,False,False,1,1,0,0,1,0,1,2.0,4.844187086458591
study068,44.29,False,False,0,0,0,0,1,0,1,1.0,6.100318952020064
study069,44.29,False,False,0,0,0,0,1,1,1,2.0,3.4339872044851463
study070,51.79,True,True,1,0,0,0,1,0,1,1.0,3.091042453358316
study071,51.79,True,True,1,0,0,0,1,1,1,2.0,3.8501476017100584
study072,56.29,True,True,1,0,0,0,1,0,1,1.0,3.6109179126442243
study073,48.04,False,False,1,1,0,1,1,1,1,9.0,5.25227342804663
study074,42.79,False,False,1,0,0,0,1,1,1,3.0,4.343805421853684
study075,51.79,True,True,1,0,0,1,1,1,1,3.0,4.394449154672439
study076,47.29,True,True,1,0,0,0,1,0,1,1.0,3.9512437185814275
study077,51.79,False,False,1,1,0,0,1,1,1,3.0,6.021023349349527
study078,44.29,False,False,0,0,0,0,1,0,1,1.0,3.9318256327243257
study079,51.79,False,False,1,0,0,0,1,0,1,1.0,4.624972813284271
study080,44.29,,False,0,1,0,1,0,0,1,1.0,7.069023426578259
study081,51.79,False,False,1,0,0,0,1,0,1,1.0,4.762173934797756
study082,44.29,True,True,0,1,0,1,0,1,1,2.0,6.697034247666484
study083,47.29,True,True,1,1,0,1,1,1,1,5.0,5.278114659230518
study084,51.79,True,True,1,1,0,0,1,1,1,7.0,3.4657359027997265
study085,51.79,,False,1,0,0,1,0,0,1,1.0,4.564348191467836
study086,51.79,True,True,1,1,0,1,1,1,0,4.0,6.873163834212518
study087,51.79,,False,1,1,0,1,0,0,1,1.0,6.957497370876951
study088,51.79,True,True,1,1,0,0,1,1,1,2.0,3.091042453358316
study089,44.29,False,False,0,0,0,0,1,0,1,1.0,4.110873864173311
study090,51.79,False,False,1,0,0,0,1,1,1,3.0,4.204692619390966
study091,42.79,,False,1,0,1,0,0,0,1,1.0,2.639057329615259
study092,44.29,False,False,0,0,1,0,1,1,0,2.0,2.5649493574615367
study093,48.04,True,True,1,1,0,0,1,1,1,2.0,3.8501476017100584
study094,51.79,True,True,1,0,0,0,1,1,1,4.0,5.117993812416755
study095,48.04,False,False,1,0,0,0,1,1,1,2.0,5.641907070938114
study096,26.62,False,False,1,0,0,0,1,0,1,1.0,5.402677381872279
