study_id,status,n_files_read,n_datasets,n_hyperparameters,n_metrics,n_seeds,metric_signals,datasets,metrics
study001,ok,400,3,7,0,9,,CIFAR-10|SQuAD|WikiText,
study002,ok,204,0,6,2,10,metric_api,,Dice|MAE
study003,ok,400,7,10,4,0,eval_config|logged|metric_api,COCO|PASCAL VOC|ADE20K|Visual Genome|Cityscapes|ImageNet|C4,mAP|PQ|Mask AP|mIoU
study004,ok,12,0,0,0,0,,,
study005,ok,117,3,7,0,1,,ImageNet|LSUN|C4,
study006,ok,68,0,3,0,0,,,
study007,ok,40,0,1,0,0,,,
study008,ok,36,0,4,1,1,logged,,Perplexity
study009,ok,400,3,8,3,2,cli_flag|eval_config|metric_api,COCO|PASCAL VOC|ImageNet,mAP|AUC|AP
study010,ok,400,2,6,0,2,,COCO|PASCAL VOC,
study011,ok,400,7,8,4,3,cli_flag|metric_api,ImageNet|CIFAR-10|CIFAR-100|COCO|Visual Genome|MNIST|PASCAL VOC,BLEU|Accuracy|mAP|Recall
study012,ok,400,4,4,1,1,cli_flag,PASCAL VOC|COCO|Cityscapes|ADE20K,mIoU
study013,ok,393,1,1,0,0,,C4,
study014,ok,400,7,5,4,5,cli_flag|eval_config,KITTI|nuScenes|ScanNet|SUN RGB-D|Waymo|COCO|ImageNet,mAP|AP|mIoU|Mask AP
study015,ok,16,1,0,0,0,,C4,
study016,ok,294,0,3,0,2,,,
study017,ok,175,1,3,1,0,metric_api,ImageNet,Dice
study018,ok,229,5,6,2,0,logged|metric_api,PASCAL VOC|C4|Cityscapes|COCO|ImageNet,mAP|Mask AP
study019,ok,400,5,7,4,0,eval_config|logged|metric_api,COCO|PASCAL VOC|Cityscapes|C4|ImageNet,mAP|Mask AP|AP|Recall
study020,ok,20,0,3,5,0,metric_api,,MAE|Precision|Recall|F1|AUROC
study021,ok,294,6,6,3,1,logged|metric_api,Visual Genome|C4|Cityscapes|COCO|ImageNet|PASCAL VOC,mAP|AP|Mask AP
study022,ok,400,0,6,4,9,eval_config|metric_api,,AUC|Dice|AUROC|Accuracy
study023,ok,400,1,3,0,1,,Visual Genome,
study024,ok,164,0,1,0,1,,,
study025,ok,34,0,3,1,0,metric_api,,Dice
study026,ok,400,4,8,2,0,eval_config|metric_api,COCO|PASCAL VOC|Cityscapes|C4,mAP|Mask AP
study027,ok,45,0,5,6,3,logged|metric_api,,AUROC|F1|Precision|Recall|Accuracy|AUC
study028,ok,10,0,7,1,2,logged,,Accuracy
study029,ok,34,0,6,0,2,,,
study030,ok,24,1,0,0,0,,Visual Genome,
study031,ok,98,0,1,5,1,metric_api,,MSE|AUROC|Precision|Recall|F1
study032,ok,296,3,7,0,1,,Waymo|ADE20K|nuScenes,
study033,ok,24,0,5,0,0,,,
study034,ok,64,3,6,3,1,logged,ImageNet|Cityscapes|COCO,PQ|SQ|RQ
study035,ok,257,2,3,2,0,logged,COCO|Cityscapes,FID|mIoU
study036,ok,218,5,2,5,1,cli_flag|metric_api,SQuAD|C4|SST-2|GLUE|WikiText,Perplexity|BLEU|F1|ROUGE|Accuracy
study037,ok,92,1,3,1,0,metric_api,C4,MSE
study038,ok,31,3,3,1,0,metric_api,CelebA|MNIST|Fashion-MNIST,MSE
study039,ok,85,2,7,2,0,logged|metric_api,COCO|ImageNet,mAP|AP
study040,ok,109,0,2,6,1,cli_flag|metric_api,,MSE|Accuracy|RMSE|MAE|MCC|AP
study041,ok,19,0,0,0,0,,,
study042,ok,66,1,7,0,1,,PASCAL VOC,
study043,ok,4,0,3,0,1,,,
study044,ok,400,0,3,0,1,,,
study045,ok,44,0,4,0,1,,,
study046,ok,47,2,4,1,1,metric_api,COCO|PASCAL VOC,mAP
study047,ok,400,1,6,0,1,,LibriSpeech,
study048,ok,185,0,2,0,0,,,
study049,ok,21,1,3,2,0,logged,ImageNet,Top-1 accuracy|Top-5 accuracy
study050,ok,17,0,2,0,0,,,
study051,ok,11,0,0,1,1,metric_api,,AUROC
study052,ok,32,1,2,1,0,eval_config,MNIST,Accuracy
study053,ok,27,1,2,0,1,,ImageNet,
study054,ok,139,0,1,0,0,,,
study055,ok,31,0,0,2,1,logged,,MSE|MAE
study056,ok,29,0,6,1,4,metric_api,,AUROC
study057,ok,38,2,7,1,0,metric_api,ImageNet|CIFAR-10,F1
study058,ok,12,0,1,0,0,,,
study059,ok,36,0,2,2,1,metric_api,,F1|Accuracy
study060,ok,237,3,7,0,4,,MNIST|ImageNet|CIFAR-10,
study061,ok,138,2,0,0,4,,Visual Genome|SQuAD,
study062,ok,9,0,0,0,1,,,
study063,ok,400,1,7,1,6,metric_api,LibriSpeech,BLEU
study064,ok,36,1,3,2,0,logged|metric_api,nuScenes,PQ|IoU
study065,ok,13,0,0,0,0,,,
study066,ok,4,0,0,0,0,,,
study067,ok,32,0,1,0,1,,,
study068,ok,18,0,3,0,1,,,
study069,ok,7,0,2,2,0,metric_api,,Accuracy|F1
study070,ok,30,0,1,1,4,metric_api,,AP
study071,ok,41,0,3,0,0,,,
study072,ok,4,1,3,0,0,,CIFAR-100,
study073,ok,182,5,8,1,2,logged,ImageNet|KITTI|ADE20K|PASCAL VOC|C4,Top-1 accuracy
study074,ok,39,0,0,0,0,,,
study075,ok,47,0,0,1,0,eval_config,,MAE
study076,ok,11,0,1,1,0,metric_api,,Accuracy
study077,ok,400,0,2,3,4,logged|metric_api,,Perplexity|F1|Accuracy
study078,ok,49,0,0,0,1,,,
study079,ok,51,0,4,1,3,metric_api,,F1
study080,ok,89,1,1,0,1,,ImageNet,
study081,ok,67,1,4,0,0,,LibriSpeech,
study082,ok,69,4,6,0,11,,WikiText|MNIST|CIFAR-10|Visual Genome,
study083,ok,31,0,2,0,0,,,
study084,ok,373,7,12,1,5,cli_flag,ImageNet|COCO|Visual Genome|GLUE|WikiText|C4|SUN RGB-D,Accuracy
study085,ok,55,0,3,0,0,,,
study086,ok,46,0,4,0,2,,,
study087,ok,39,2,1,0,0,,COCO|PASCAL VOC,
study088,ok,55,1,3,0,0,,C4,
study089,ok,29,0,4,0,2,,,
study090,ok,51,1,0,1,1,eval_config,nuScenes,mAP
study091,ok,7,1,0,0,0,,GLUE,
study092,ok,234,4,7,1,2,logged,C4|PASCAL VOC|COCO|ImageNet,mIoU
study093,ok,90,6,6,4,3,metric_api,ImageNet|CIFAR-10|CIFAR-100|KITTI|MNIST|SST-2,F1|Precision|Recall|AUROC
study094,ok,188,4,6,2,1,metric_api,ImageNet|COCO|Cityscapes|ADE20K,mAP|SSIM
study095,ok,16,0,3,0,0,,,
study096,ok,58,3,7,0,1,,CelebA|LSUN|CIFAR-10,
