study_id,status,n_artifacts,depth_note,has_env_file,has_docker,has_conda,has_pip,triples,resolve_success,build_success,stage_failed,fair_r,tier,license,has_commit,py_declared,py_used,ladder_ok
study001,ok,20,subdir,True,True,True,True,151,True,True,,31.1,poor,Apache-2.0,True,3.10,3.10,True
,ok,0,,False,False,False,False,0,,,,,,,False,,,
study002,ok,4,root,True,True,False,True,123,True,True,,31.1,poor,MIT,True,3.10,3.10,True
study003,ok,7,subdir,True,True,False,True,13,True,True,,31.1,poor,Apache-2.0,True,,3.10,True
study004,ok,4,root,True,True,False,True,113,True,True,,31.1,poor,GPL-3.0,True,3.9,3.9,True
study005,ok,2,root,True,False,True,False,165,True,True,,31.1,poor,MIT,True,3.8,3.8,True
study006,ok,4,root,True,False,True,True,170,True,False,build-install,31.1,poor,MIT,True,3.9,3.9,True
study007,ok,3,root,True,True,False,True,78,False,False,resolve,31.1,poor,MIT,True,,3.10,True
study008,ok,4,root,True,True,True,False,186,False,False,resolve,31.1,poor,MIT,True,3.11,3.11,True
study009,ok,7,subdir,True,True,False,True,13,False,False,resolve,31.1,poor,Apache-2.0,True,3.12,3.12,True
study010,ok,7,subdir,True,True,False,True,13,True,True,,31.1,poor,Apache-2.0,True,,3.10,True
study011,ok,7,subdir,True,True,False,True,13,False,False,resolve,31.1,poor,Apache-2.0,True,3.12,3.12,True
study012,ok,6,subdir,True,True,False,True,13,True,True,,31.1,poor,Apache-2.0,True,,3.10,True
study013,ok,8,root,True,True,False,True,1148,False,False,resolve,33.92,poor,GPL-2.0,True,3.8,3.8,True
study014,ok,8,subdir,True,True,False,True,13,False,False,resolve,31.1,poor,Apache-2.0,True,,3.10,True
study015,ok,2,root,True,True,False,True,18,True,True,,31.1,poor,GPL-3.0,True,,3.10,True
study016,ok,6,subdir,True,True,False,True,28,True,True,,31.1,poor,GPL-3.0,True,3.12,3.12,True
study017,ok,4,root,True,False,True,True,170,True,True,,31.1,poor,GPL-3.0,True,3.9,3.9,True
study018,ok,4,subdir,True,True,False,True,38,True,True,,31.1,poor,MIT,True,,3.10,True
study019,ok,5,subdir,True,True,False,True,13,False,False,resolve,31.1,poor,Apache-2.0,True,,3.10,True
study020,ok,1,subdir,True,True,False,False,12,,False,,21.1,poor,,True,,3.10,True
study021,ok,4,subdir,True,True,False,True,13,True,True,,26.1,poor,LicenseRef-Custom,True,,3.10,True
study022,ok,2,root,True,False,False,True,56,True,True,,31.1,poor,Apache-2.0,True,3.12,3.12,True
study023,ok,4,root,True,False,False,True,6,True,True,,25.1,poor,Apache-2.0,True,,3.10,True
study024,ok,3,subdir,True,True,False,True,68,True,True,,31.1,poor,GPL-3.0,True,,3.10,True
study025,ok,4,root,True,True,False,True,64,True,True,,31.1,poor,GPL-3.0,True,,3.10,True
study026,ok,4,subdir,True,True,False,True,13,False,False,resolve,31.1,poor,Apache-2.0,True,,3.10,True
study027,ok,1,root,True,False,False,True,1021,False,False,resolve,31.1,poor,GPL-3.0,True,,3.10,True
study028,ok,1,root,True,False,True,False,2100,,False,,31.1,poor,MIT,True,3.9,3.9,True
study029,ok,3,root,True,False,True,True,1209,False,False,resolve,21.1,poor,,True,3.8,3.8,True
study030,ok,3,subdir,True,True,False,False,14,False,False,resolve,31.1,poor,MIT,True,,3.10,True
study031,ok,4,deep,True,True,True,True,1316,True,True,,31.1,poor,GPL-3.0,True,3.10,3.10,True
study032,ok,2,subdir,True,True,False,True,388,False,False,resolve,31.1,poor,Apache-2.0,True,,3.10,True
study033,ok,2,subdir,True,True,False,True,63,True,True,,31.1,poor,BSD-2-Clause,True,,3.10,True
study034,ok,3,root,True,True,False,True,64,False,False,resolve,31.1,poor,Apache-2.0,True,,3.10,True
study035,ok,2,root,True,False,True,True,430,True,False,build-install,31.1,poor,BSD-2-Clause,True,3.8,3.8,True
study036,ok,5,root,True,False,False,True,126,False,False,resolve,31.1,poor,MIT,True,,3.10,True
study037,ok,3,root,True,False,True,True,845,False,False,resolve,31.1,poor,MIT,True,3.8,3.8,True
study038,ok,2,root,True,False,False,True,56,False,False,resolve,31.1,poor,MIT,True,,3.10,True
study039,ok,4,root,True,False,True,True,180,True,True,,31.1,poor,MIT,True,3.8,3.8,True
study040,ok,2,root,True,False,True,False,35,True,True,,31.1,poor,Apache-2.0,True,3.12,3.12,True
study041,ok,3,root,True,True,False,False,12,True,True,,21.1,poor,,True,3.12,3.12,True
study042,ok,1,root,True,False,True,False,1109,,False,,21.1,poor,,True,3.8,3.8,True
study043,ok,1,root,True,False,False,True,51,True,True,,31.1,poor,MIT,True,,3.10,True
study044,ok,12,root,True,True,False,True,113,True,True,,31.1,poor,MIT,True,,3.10,True
study045,ok,3,root,True,False,True,True,1400,True,True,,31.1,poor,MIT,True,3.8,3.8,True
study046,ok,3,root,True,True,False,True,83,True,True,,31.1,poor,GPL-3.0,True,,3.10,True
study047,ok,8,root,True,False,True,True,30,False,False,resolve,31.1,poor,MIT,True,3.8,3.8,True
study048,ok,2,root,True,False,False,True,101,True,True,,31.1,poor,MIT,True,,3.10,True
study049,ok,1,subdir,True,True,False,False,13,,False,,31.1,poor,Apache-2.0,True,,3.10,True
study050,ok,1,root,True,False,True,False,470,,False,,31.1,poor,MIT,True,3.8,3.8,True
study051,ok,2,root,True,False,False,True,46,True,True,,31.1,poor,MIT,True,,3.10,True
study052,ok,2,root,True,False,False,True,85,False,False,resolve,21.1,poor,,True,,3.10,True
study053,ok,1,root,True,False,False,True,71,True,True,,31.1,poor,GPL-3.0,True,,3.10,True
study054,ok,4,root,True,True,False,False,12,True,True,,21.1,poor,,True,,3.10,True
study055,ok,3,root,True,True,False,True,79,False,False,resolve-timeout,31.1,poor,MIT,True,,3.10,True
study056,ok,2,root,True,False,True,True,2460,False,False,resolve,31.1,poor,MIT,True,3.8,3.8,True
study057,ok,2,root,True,False,True,False,1435,True,True,,31.1,poor,MIT,True,3.9,3.9,True
study058,ok,2,root,True,False,False,True,31,False,False,resolve,31.1,poor,MIT,True,,3.10,True
study059,ok,1,root,True,False,False,True,431,False,False,resolve,31.1,poor,MIT,True,,3.10,True
study060,ok,6,deep,True,True,False,True,48,True,False,build-install,31.1,poor,MIT,True,,3.10,True
study061,ok,2,root,True,False,True,False,65,True,True,,31.1,poor,MIT,True,3.8,3.8,True
study062,ok,1,root,True,False,False,True,30,False,False,resolve,21.1,poor,,True,,3.10,True
study063,ok,16,deep,True,True,False,True,114,True,True,,31.1,poor,Apache-2.0,True,3.12,3.12,True
study064,ok,1,root,True,False,True,False,90,,False,,31.1,poor,MIT,True,3.8,3.8,True
study065,ok,3,root,True,False,False,True,40,False,False,resolve,21.1,poor,,True,,3.10,True
study066,ok,2,subdir,True,True,False,True,43,True,True,,31.1,poor,Apache-2.0,True,3.8,3.8,True
study067,ok,2,root,True,False,False,True,126,False,False,resolve-timeout,31.1,poor,MIT,True,3.9,3.9,True
study068,ok,1,root,True,False,False,True,445,False,False,resolve,21.1,poor,,True,,3.10,True
study069,ok,2,root,True,False,False,True,30,False,False,resolve,21.1,poor,,True,,3.10,True
study070,ok,1,root,True,False,False,True,21,True,True,,31.1,poor,MIT,True,,3.10,True
study071,ok,2,root,True,False,False,True,46,True,True,,31.1,poor,MIT,True,,3.10,True
study072,ok,1,root,True,False,False,True,36,True,True,,31.1,poor,MIT,True,,3.10,True
study073,ok,9,root,True,False,True,True,190,False,False,resolve,26.1,poor,LicenseRef-Custom,True,3.11,3.11,True
study074,ok,3,root,True,False,False,True,76,False,False,resolve,31.1,poor,MIT,True,,3.10,True
study075,ok,3,root,True,False,True,True,80,True,True,,31.1,poor,MIT,True,,3.10,True
study076,ok,1,root,True,False,False,True,51,True,True,,31.1,poor,MIT,True,,3.10,True
study077,ok,3,root,True,False,False,True,411,False,False,resolve-timeout,31.1,poor,MIT,True,3.12,3.12,True
study078,ok,1,root,True,False,False,True,50,False,False,resolve,21.1,poor,,True,,3.10,True
study079,ok,1,root,True,False,False,True,101,False,False,resolve,31.1,poor,Apache-2.0,True,,3.10,True
study080,ok,1,root,True,False,True,False,1174,,False,,21.1,poor,,True,3.8,3.8,True
study081,ok,1,root,True,False,False,True,116,False,False,resolve,31.1,poor,MIT,True,,3.10,True
study082,ok,2,root,True,False,True,False,809,True,True,,21.1,poor,,True,3.8,3.8,True
study083,ok,5,root,True,False,True,True,195,True,True,,31.1,poor,MIT,True,3.8,3.8,True
study084,ok,7,root,True,False,False,True,31,True,True,,31.1,poor,BSD-3-Clause,True,3.12,3.12,True
study085,ok,1,root,True,False,True,False,95,,False,,31.1,poor,GPL-2.0,True,,3.10,True
study086,ok,4,subdir,True,False,True,True,965,True,True,,31.1,poor,MIT,True,3.9,3.9,True
study087,ok,1,root,True,False,True,False,1050,,False,,31.1,poor,MIT,True,3.8,3.8,True
study088,ok,2,root,True,False,False,True,21,True,True,,31.1,poor,Apache-2.0,True,3.12,3.12,True
study089,ok,1,root,True,False,False,True,60,False,False,resolve,21.1,poor,,True,,3.10,True
study090,ok,3,root,True,False,False,True,66,False,False,resolve,31.1,poor,MIT,True,,3.10,True
study091,ok,1,root,True,True,False,False,13,,False,,31.1,poor,MIT,True,,3.10,True
study092,ok,2,subdir,True,True,False,True,12,False,False,resolve,21.1,poor,,True,,3.10,True
study093,ok,2,root,True,False,False,True,46,True,True,,26.1,poor,LicenseRef-Custom,True,3.12,3.12,True
study094,ok,4,root,True,False,False,True,166,True,True,,31.1,poor,Apache-2.0,True,,3.10,True
study095,ok,2,root,True,False,False,True,281,False,False,resolve,26.1,poor,LicenseRef-Custom,True,,3.10,True
study096,ok,1,root,True,False,False,True,221,False,False,resolve,31.1,poor,MIT,True,,3.10,True
